{
	"IcoMoonType": "selection",
	"icons": [
		{
			"icon": {
				"paths": [
					"M672 192c-88.366 0-160 71.634-160 160v96h-128v128h128v448h128v-448h144l32-128h-176v-96c0-17.672 14.326-32 32-32h160v-128h-160z"
				],
				"attrs": [],
				"tags": [
					"facebook",
					"brand",
					"social"
				],
				"grid": 16
			},
			"attrs": [],
			"properties": {
				"id": 1297,
				"order": 1,
				"prevSize": 32,
				"ligatures": "facebook, brand6",
				"name": "facebook",
				"code": 58880
			},
			"setIdx": 2,
			"setId": 0,
			"iconIdx": 396
		},
		{
			"icon": {
				"paths": [
					"M854 0h-684c-93.5 0-170 76.5-170 170v684c0 93.5 76.5 170 170 170h684c93.5 0 170-76.5 170-170v-684c0-93.5-76.5-170-170-170zM327.8 448h368.4c6.988 20.058 10.8 41.59 10.8 64 0 107.524-87.476 195-195 195s-195-87.476-195-195c0-22.41 3.812-43.942 10.8-64zM896 448.050v383.95c0 35.2-28.8 64-64 64h-640c-35.2 0-64-28.8-64-64v-384h100.108c-4.642 20.602-7.108 42.016-7.108 64 0 160.458 130.542 291 291 291s291-130.542 291-291c0-21.984-2.464-43.398-7.108-64l100.108 0.050zM896 224c0 17.6-14.4 32-32 32h-64c-17.6 0-32-14.4-32-32v-64c0-17.6 14.4-32 32-32h64c17.6 0 32 14.4 32 32v64z"
				],
				"attrs": [],
				"tags": [
					"instagram",
					"brand",
					"social"
				],
				"grid": 16
			},
			"attrs": [],
			"properties": {
				"id": 1301,
				"order": 6,
				"prevSize": 32,
				"ligatures": "instagram, brand10",
				"name": "instagram",
				"code": 58884
			},
			"setIdx": 2,
			"setId": 0,
			"iconIdx": 400
		},
		{
			"icon": {
				"paths": [
					"M800 416c-70.58 0-128 57.42-128 128s57.42 128 128 128c70.58 0 128-57.42 128-128s-57.42-128-128-128zM800 320v0c123.71 0 224 100.288 224 224 0 123.71-100.29 224-224 224s-224-100.29-224-224c0-123.712 100.29-224 224-224zM0 544c0-123.712 100.288-224 224-224s224 100.288 224 224c0 123.712-100.288 224-224 224s-224-100.288-224-224z"
				],
				"attrs": [],
				"tags": [
					"flickr",
					"brand",
					"social"
				],
				"grid": 16
			},
			"attrs": [],
			"properties": {
				"id": 1317,
				"order": 2,
				"prevSize": 32,
				"ligatures": "flickr2, brand24",
				"name": "flickr2",
				"code": 58881
			},
			"setIdx": 2,
			"setId": 0,
			"iconIdx": 417
		},
		{
			"icon": {
				"paths": [
					"M384 384h177.106v90.782h2.532c24.64-44.194 84.958-90.782 174.842-90.782 186.946 0 221.52 116.376 221.52 267.734v308.266h-184.61v-273.278c0-65.184-1.334-149.026-96.028-149.026-96.148 0-110.82 70.986-110.82 144.292v278.012h-184.542v-576z",
					"M64 384h192v576h-192v-576z",
					"M256 224c0 53.019-42.981 96-96 96s-96-42.981-96-96c0-53.019 42.981-96 96-96s96 42.981 96 96z"
				],
				"attrs": [],
				"tags": [
					"linkedin",
					"brand",
					"social"
				],
				"grid": 16
			},
			"attrs": [],
			"properties": {
				"id": 1357,
				"order": 3,
				"prevSize": 32,
				"ligatures": "linkedin2, brand64",
				"name": "linkedin2",
				"code": 58882
			},
			"setIdx": 2,
			"setId": 0,
			"iconIdx": 457
		}
	],
	"height": 1024,
	"metadata": {
		"name": "icomoon"
	},
	"preferences": {
		"showGlyphs": true,
		"showQuickUse": true,
		"showQuickUse2": true,
		"showSVGs": true,
		"fontPref": {
			"prefix": "icon-",
			"metadata": {
				"fontFamily": "icomoon",
				"majorVersion": 1,
				"minorVersion": 0
			},
			"metrics": {
				"emSize": 1024,
				"baseline": 6.25,
				"whitespace": 50
			},
			"ligaReset": "tags",
			"resetPoint": 58880,
			"embed": false
		},
		"imagePref": {
			"prefix": "icon-",
			"png": true,
			"useClassSelector": true,
			"color": 4473924,
			"bgColor": 16777215
		},
		"historySize": 100,
		"showCodes": true,
		"gridSize": 16,
		"showLiga": true
	}
}